commit	commit_timestamp_utc	subject
b96da05f5522f2d74444027ab0acb8c4dd4b1316	2026-09-23T01:22:58+00:00	Merge pull request #4522 from positron-ai/mitchell2-26-09-21-placement-cyclic
6d98144cee6345d6a3bc43308721fe0290ae07e0	2026-09-23T01:27:20+00:00	Merge pull request #4458 from positron-ai/mitchell2-26-09-17-routing-names
4888281699aa2b5df55c9f1acfafd8afaedcb041	2026-09-23T02:01:47+00:00	Merge pull request #4526 from positron-ai/mitchell2-26-09-22-placement-mutex
a9ae2527d6b808bcdff9ee71c1a59cc03ddcb59a	2026-09-23T02:07:27+00:00	Merge pull request #4459 from positron-ai/mitchell2-26-09-17-moe-router-identity
66e0d95510edbdd040164613ab4ad776b102655a	2026-09-23T02:15:36+00:00	Merge pull request #4009 from positron-ai/ishapira/prequant-01-format-key
996f58ec828615789f1cc3aca8ee02baac78643b	2026-09-23T03:02:10+00:00	Merge pull request #4460 from positron-ai/mitchell2-26-09-17-moe-routing-assignment
1d1dbbef537939be6322c4cf93b191647dc4978b	2026-09-23T13:57:48+00:00	Merge pull request #4206 from positron-ai/bgamari-so-models-v3-07-tron-define-the-private-exact-build-model-module
71e2d5f7a712725973eae8a3839352d99b7fbaa7	2026-09-23T15:09:35+00:00	Merge pull request #4551 from positron-ai/mitchell2-26-09-22-comment-fix
1aa44ad3530bf82e5dbc5ec88cfa8b3c22d4f7e6	2026-09-23T15:22:48+00:00	Merge pull request #4536 from positron-ai/mitchell2-26-09-22-placement-cyclic-mask
a8db0272693357d13a7275184df05e9cba856245	2026-09-23T15:22:53+00:00	Merge pull request #4353 from positron-ai/bill/attn-split-page-by-query
270ba0ca6be7aa5526ef39a6492c25779a5fd973	2026-09-23T15:44:12+00:00	Merge pull request #4561 from positron-ai/codex/26-09-23-glimmer-weight-semantics
0759738c66b55361e3a1df67357f9f1de2fb5e87	2026-09-23T15:47:09+00:00	Merge pull request #4198 from positron-ai/mitchell2-26-09-02-placer
f8273c715faec18acddd041322509f00a8dce8c4	2026-09-23T17:08:48+00:00	Merge pull request #4521 from positron-ai/mitchell2-26-09-21-placement-context
4c7d6398a977ef11019202841330edd98f8991d3	2026-09-23T17:53:01+00:00	Merge pull request #3545 from positron-ai/ishapira/prequant-01-weight-format
d18f6edb9e7837e759b68eb4fb0d22c2eec11100	2026-09-23T18:07:10+00:00	Merge pull request #4160 from positron-ai/ishapira/audit-03-tensor-info-payload
04c14977abaeb001ce962652667807bec4b72960	2026-09-23T18:41:04+00:00	Merge pull request #3563 from positron-ai/ishapira/prequant-02-io
81b3a77cff6f7be5a00149a06cdc0d76cad5cf97	2026-09-23T18:53:44+00:00	Merge pull request #4161 from positron-ai/ishapira/audit-04-known-lawful
fdee530397aef821d38a55812b4b889af6353757	2026-09-23T19:12:02+00:00	Merge pull request #4010 from positron-ai/ishapira/prequant-03-group-collab
caf180b24e4e2ee4be13893a01c40ca493cbaa89	2026-09-23T19:15:36+00:00	Merge pull request #4527 from positron-ai/mitchell2-26-09-22-placement-log-ownership
5ac58c68c186ae70bd36eb1e8027de290287749c	2026-09-23T19:23:05+00:00	Merge pull request #4576 from positron-ai/hrv-remove-unused-term-to-cpp
6f3a4760e5fac8f53682d9ff52b7277c7941fe7c	2026-09-23T19:30:24+00:00	Merge pull request #4162 from positron-ai/ishapira/audit-05-subst-generically
f50a5ba542fb3a34dea5c4556ee9f47d5931de76	2026-09-23T20:40:10+00:00	Merge pull request #3564 from positron-ai/ishapira/prequant-03-cache-fs
e6c53ba70a93e5b8e45e3b130875c837e11237ad	2026-09-23T20:46:49+00:00	Merge pull request #4528 from positron-ai/mitchell2-26-09-22-placement-devices
db0977c39fc067d8d29ab14f78f4aba4ec748322	2026-09-23T21:15:28+00:00	Merge pull request #3565 from positron-ai/ishapira/prequant-04-writer
8fefd2ce319a52f10bc9691da14e9caa1bb04428	2026-09-23T21:52:19+00:00	Merge pull request #4037 from positron-ai/ishapira/prequant-04-writer-groups
73d733a9b35ef060dc9178da2b89c4eff6805768	2026-09-23T22:01:44+00:00	Merge pull request #4515 from positron-ai/bot/slice-cost-data-genoa96
a674a8d12d6599e4e8956aef30b07d33a88b79a9	2026-09-23T22:21:37+00:00	Merge pull request #4017 from positron-ai/ishapira/prequant-04-sweep-log
8f52ae3c28adc8d3df2bda4beffda9112eb3eca2	2026-09-23T22:26:32+00:00	Merge pull request #4163 from positron-ai/ishapira/audit-06-recsyn-fx-typedfx
c92095143f3c4186fd130732356196a717025db1	2026-09-23T23:06:06+00:00	Merge pull request #4164 from positron-ai/ishapira/audit-07-recsyn-eqsat
5af8c155cffd6975f029aaedb2cbd0e6d993f36e	2026-09-23T23:28:12+00:00	Merge pull request #4340 from positron-ai/stt-tt-12-skip-semantics
2a527a4b3cd60946caced8f28b6ed5280ff851f3	2026-09-23T23:42:21+00:00	Merge pull request #4165 from positron-ai/ishapira/audit-08-recsyn-tron
