draw,status,generate_tok_s,parse_tok_s,ttft_s,ttlt_s,token_sha256,result_dir,source_log,reason
draw_01,ok,94.301,923.5420223914842,1.385968,44.799023,bfc59d4f73f79cdf92f04dacffdde264832a629f420e657c6ec3abd15869fa1a,/scratch/jhan/perf-fluctuation/deep-dive/3bda-ingmixtral-tp2-20260815T163100Z/results/draw_01,/home/jhan/workspace/run_checkerboard/checkerboard/sweeps/logs/20260815-163323-1-1/log.0,
draw_02,ok,94.352,926.4762557707076,1.381579,44.771429,bfc59d4f73f79cdf92f04dacffdde264832a629f420e657c6ec3abd15869fa1a,/scratch/jhan/perf-fluctuation/deep-dive/3bda-ingmixtral-tp2-20260815T163100Z/results/draw_02,/home/jhan/workspace/run_checkerboard/checkerboard/sweeps/logs/20260815-163435-1-1/log.0,
draw_03,ok,94.503,923.1626644723551,1.386538,44.70686,bfc59d4f73f79cdf92f04dacffdde264832a629f420e657c6ec3abd15869fa1a,/scratch/jhan/perf-fluctuation/deep-dive/3bda-ingmixtral-tp2-20260815T163100Z/results/draw_03,/home/jhan/workspace/run_checkerboard/checkerboard/sweeps/logs/20260815-163547-1-1/log.0,
draw_04,ok,94.351,925.4896389699625,1.383052,44.773127,bfc59d4f73f79cdf92f04dacffdde264832a629f420e657c6ec3abd15869fa1a,/scratch/jhan/perf-fluctuation/deep-dive/3bda-ingmixtral-tp2-20260815T163100Z/results/draw_04,/home/jhan/workspace/run_checkerboard/checkerboard/sweeps/logs/20260815-163659-1-1/log.0,
draw_05,ok,94.251,924.0144685823798,1.38526,44.821403,bfc59d4f73f79cdf92f04dacffdde264832a629f420e657c6ec3abd15869fa1a,/scratch/jhan/perf-fluctuation/deep-dive/3bda-ingmixtral-tp2-20260815T163100Z/results/draw_05,/home/jhan/workspace/run_checkerboard/checkerboard/sweeps/logs/20260815-163811-1-1/log.0,
draw_06,ok,94.17,924.5119069000793,1.384514,44.858095,bfc59d4f73f79cdf92f04dacffdde264832a629f420e657c6ec3abd15869fa1a,/scratch/jhan/perf-fluctuation/deep-dive/3bda-ingmixtral-tp2-20260815T163100Z/results/draw_06,/home/jhan/workspace/run_checkerboard/checkerboard/sweeps/logs/20260815-163922-1-1/log.0,
draw_07,ok,94.292,923.650885065658,1.385805,44.803355,bfc59d4f73f79cdf92f04dacffdde264832a629f420e657c6ec3abd15869fa1a,/scratch/jhan/perf-fluctuation/deep-dive/3bda-ingmixtral-tp2-20260815T163100Z/results/draw_07,/home/jhan/workspace/run_checkerboard/checkerboard/sweeps/logs/20260815-164033-1-1/log.0,
draw_08,ok,94.363,924.537350946025,1.384476,44.769449,bfc59d4f73f79cdf92f04dacffdde264832a629f420e657c6ec3abd15869fa1a,/scratch/jhan/perf-fluctuation/deep-dive/3bda-ingmixtral-tp2-20260815T163100Z/results/draw_08,/home/jhan/workspace/run_checkerboard/checkerboard/sweeps/logs/20260815-164145-1-1/log.0,
draw_09,ok,94.464,923.5329301153447,1.385982,44.724508,bfc59d4f73f79cdf92f04dacffdde264832a629f420e657c6ec3abd15869fa1a,/scratch/jhan/perf-fluctuation/deep-dive/3bda-ingmixtral-tp2-20260815T163100Z/results/draw_09,/home/jhan/workspace/run_checkerboard/checkerboard/sweeps/logs/20260815-164257-1-1/log.0,
draw_10,ok,94.194,925.0929207054652,1.383645,44.846032,bfc59d4f73f79cdf92f04dacffdde264832a629f420e657c6ec3abd15869fa1a,/scratch/jhan/perf-fluctuation/deep-dive/3bda-ingmixtral-tp2-20260815T163100Z/results/draw_10,/home/jhan/workspace/run_checkerboard/checkerboard/sweeps/logs/20260815-164409-1-1/log.0,
draw_11,ok,94.406,924.6513852258026,1.384306,44.748994,bfc59d4f73f79cdf92f04dacffdde264832a629f420e657c6ec3abd15869fa1a,/scratch/jhan/perf-fluctuation/deep-dive/3bda-ingmixtral-tp2-20260815T163100Z/results/draw_11,/home/jhan/workspace/run_checkerboard/checkerboard/sweeps/logs/20260815-164521-1-1/log.0,
draw_12,ok,94.326,924.1244207736136,1.385095,44.786735,bfc59d4f73f79cdf92f04dacffdde264832a629f420e657c6ec3abd15869fa1a,/scratch/jhan/perf-fluctuation/deep-dive/3bda-ingmixtral-tp2-20260815T163100Z/results/draw_12,/home/jhan/workspace/run_checkerboard/checkerboard/sweeps/logs/20260815-164632-1-1/log.0,
draw_13,ok,94.359,922.2197619288244,1.387956,44.7743,bfc59d4f73f79cdf92f04dacffdde264832a629f420e657c6ec3abd15869fa1a,/scratch/jhan/perf-fluctuation/deep-dive/3bda-ingmixtral-tp2-20260815T163100Z/results/draw_13,/home/jhan/workspace/run_checkerboard/checkerboard/sweeps/logs/20260815-164745-1-1/log.0,
draw_14,ok,94.009,923.686136715755,1.385752,44.93397,bfc59d4f73f79cdf92f04dacffdde264832a629f420e657c6ec3abd15869fa1a,/scratch/jhan/perf-fluctuation/deep-dive/3bda-ingmixtral-tp2-20260815T163100Z/results/draw_14,/home/jhan/workspace/run_checkerboard/checkerboard/sweeps/logs/20260815-164856-1-1/log.0,
draw_15,ok,94.241,923.7281578676709,1.385689,44.826494,bfc59d4f73f79cdf92f04dacffdde264832a629f420e657c6ec3abd15869fa1a,/scratch/jhan/perf-fluctuation/deep-dive/3bda-ingmixtral-tp2-20260815T163100Z/results/draw_15,/home/jhan/workspace/run_checkerboard/checkerboard/sweeps/logs/20260815-165008-1-1/log.0,
draw_16,ok,94.38,920.9848654405963,1.389817,44.76716,bfc59d4f73f79cdf92f04dacffdde264832a629f420e657c6ec3abd15869fa1a,/scratch/jhan/perf-fluctuation/deep-dive/3bda-ingmixtral-tp2-20260815T163100Z/results/draw_16,/home/jhan/workspace/run_checkerboard/checkerboard/sweeps/logs/20260815-165119-1-1/log.0,
draw_17,ok,94.011,923.2930107063161,1.386342,44.933296,bfc59d4f73f79cdf92f04dacffdde264832a629f420e657c6ec3abd15869fa1a,/scratch/jhan/perf-fluctuation/deep-dive/3bda-ingmixtral-tp2-20260815T163100Z/results/draw_17,/home/jhan/workspace/run_checkerboard/checkerboard/sweeps/logs/20260815-165231-1-1/log.0,
draw_18,ok,94.373,923.2574381048971,1.386396,44.766331,bfc59d4f73f79cdf92f04dacffdde264832a629f420e657c6ec3abd15869fa1a,/scratch/jhan/perf-fluctuation/deep-dive/3bda-ingmixtral-tp2-20260815T163100Z/results/draw_18,/home/jhan/workspace/run_checkerboard/checkerboard/sweeps/logs/20260815-165342-1-1/log.0,
draw_19,ok,94.319,915.7777720400167,1.397719,44.803146,bfc59d4f73f79cdf92f04dacffdde264832a629f420e657c6ec3abd15869fa1a,/scratch/jhan/perf-fluctuation/deep-dive/3bda-ingmixtral-tp2-20260815T163100Z/results/draw_19,/home/jhan/workspace/run_checkerboard/checkerboard/sweeps/logs/20260815-165453-1-1/log.0,
draw_20,ok,94.144,924.4983423896396,1.384535,44.870712,bfc59d4f73f79cdf92f04dacffdde264832a629f420e657c6ec3abd15869fa1a,/scratch/jhan/perf-fluctuation/deep-dive/3bda-ingmixtral-tp2-20260815T163100Z/results/draw_20,/home/jhan/workspace/run_checkerboard/checkerboard/sweeps/logs/20260815-165605-1-1/log.0,
